{"cameraMode":{"drawMode":0,"name":"Shaded","section":"Shading Mode"},"sceneLighting":true,"audioPlay":false,"sceneViewState":{"showFog":true,"showMaterialUpdate":false,"showSkybox":true,"showFlares":true,"showImageEffects":true,"showParticleSystems":true},"in2DMode":false,"pivot":{"x":62.01188659667969,"y":66.26344299316406,"z":87.30000305175781},"rotation":{"x":0.014974385499954224,"y":-0.057859309017658237,"z":0.0008680482278577983,"w":0.9982134699821472},"size":195.0765380859375,"orthographic":false}