{"cameraMode":{"drawMode":0,"name":"Shaded","section":"Shading Mode"},"sceneLighting":false,"audioPlay":false,"sceneViewState":{"showFog":true,"showMaterialUpdate":false,"showSkybox":true,"showFlares":true,"showImageEffects":true,"showParticleSystems":true},"in2DMode":false,"pivot":{"x":75.6624984741211,"y":10.551362991333008,"z":49.30780029296875},"rotation":{"x":0.20929287374019624,"y":0.02053304947912693,"z":-0.004395746160298586,"w":0.9776275753974915},"size":21.783550262451173,"orthographic":false}